,zip_code,ABUSE OF 911,AGG ASLT ENHANC STRANGL/SUFFOC,AGG ASLT STRANGLE/SUFFOCATE,AGG ASLT W/MOTOR VEH FAM/DAT V,AGG ASSAULT,AGG ASSAULT FAM/DATE VIOLENCE,AGG ASSAULT ON PEACE OFFICER,AGG ASSAULT ON PUBLIC SERVANT,AGG ASSAULT WITH MOTOR VEH,AGG ROBBERY BY ASSAULT,AGG ROBBERY/DEADLY WEAPON,AIRPORT - CRIMINAL TRESPASS,APPLIC TO REVOKE PROBATION,ARSON,ASSAULT BY CONTACT,ASSAULT BY CONTACT FAM/DATING,ASSAULT BY THREAT,ASSAULT BY THREAT FAM/DATING,ASSAULT OF A PREGNANT WOMAN,ASSAULT OF PREGNANT WM-FAM/DAT,ASSAULT ON PEACE OFFICER,ASSAULT ON PUBLIC SERVANT,ASSAULT W/INJURY-FAM/DATE VIOL,ASSAULT WITH INJURY,AUTO THEFT,BOMB THREAT,BREACH OF COMPUTER SECURITY,BURGLARY NON RESIDENCE,BURGLARY OF COIN-OP MACHINE,BURGLARY OF RESIDENCE,BURGLARY OF SHED/DETACHED GARAGE/STORAGE UNIT,BURGLARY OF VEH-NO SUSPECT/FU,BURGLARY OF VEHICLE,CHILD CUSTODY INTERFERE,CHILD ENDANGERMENT- ABANDONMEN,CIVIL DISTURBANCE/DEMO,COMMERCIAL BRIBERY,COUNTERFEITING,CRASH/FAIL STOP AND RENDER AID,CRED CARD ABUSE - OTHER,CRED CARD ABUSE BY FORGERY,CRIMINAL MISCHIEF,CRIMINAL MISCHIEF BY ARSON,CRIMINAL MISCHIEF-NO SUSPECT,CRIMINAL TRESPASS,CRIMINAL TRESPASS/HOTEL,CRIMINAL TRESPASS/IN VEHICLE,CRIMINAL TRESPASS/TRANSIENT,CRUELTY TO ANIMALS,CUSTODY ARREST TRAFFIC WARR,DAMAGE CITY PROP,DAMAGE CITY VEHICLE,DATING DISTURBANCE,DEADLY CONDUCT,DEBIT CARD ABUSE,DEL CONTROLLED SUB/NARCOTIC,DEL CONTROLLED SUB/SYN NARC,DEL MARIJUANA,DEL SYNTHETIC MARIJUANA,DISTURBANCE - OTHER,DOC ABUSE OR THREAT,DOC ABUSIVE LANGUAGE,DOC DISCHARGE GUN - PUB PLACE,DOC DISPLAY GUN/DEADLY PUB PLC,DOC EXPOSURE,DOC FIGHTING,DOC OFFENSIVE GESTURE,DOC UNREASONABLE NOISE,DOC WINDOW PEEPING - HOTEL,DOC WINDOW PEEPING-RESIDENCE,DRIVING WHILE INTOX / FELONY,DUI - AGE 16 AND UNDER,DUI - AGE 17 TO 20,DUMPING REFUSE NEAR HIGHWAY,DWI,DWI  .15 BAC OR ABOVE,DWI - CHILD PASSENGER,DWI - DRUG RECOGNITION EXPERT,DWI 2ND,ESCAPE FROM CUSTODY,EVADING / FOOT,EVADING / VEHICLE PURSUIT,EVADING VEHICLE,EXPLOITATION OF CHILD/ELDERLY,EXPLOSIVE ORDNANCE DISPOSAL,FAILURE TO IDENTIFY,FALSE ALARM OR REPORT,FALSE REPORT TO PEACE OFFICER,FAMILY DISTURBANCE,FAMILY DISTURBANCE/PARENTAL,FEDERAL VIOL/OTHER,FELONY ENHANCEMENT/ASSLT W/INJ,FORGERY - OTHER,FORGERY AND PASSING,FORGERY BY MAKING,FORGERY OF IDENTIFICATION,FRAUD - OTHER,GAMBLING,GRAFFITI,HARASSMENT,HARASSMENT OF A PUBLIC SERVANT,IDENTITY THEFT,IMPERSONATING PUBLIC SERVANT,INDECENT ASSAULT,INDECENT EXPOSURE,INJURY DISABLED INDIVIDUAL,INJURY TO CHILD,INJURY TO ELDERLY PERSON,INTERFERE W PO SERVICE ANIMALS,INTERFERENCE PUBLIC DUTIES,JUSTIFIED HOMICIDE,KIDNAPPING,LIQUOR LAW VIOLATION/OTHER,LITTERING,MAIL THEFT,MANF CONTROLLED SUB - OTHER,MANF CONTROLLED SUB- SYN NARC,MANF SYNTHETIC MARIJUANA,MISAPPLY FIDUCIARY PROP,MISREP AGE BY MINOR,MISUSE OF OFFICIAL INFO,MURDER,NUISANCE ABATEMENT,OBSCENE DISPLAY - DISTRIBUTION,OBTAIN CONTROLLED SUB BY FRAUD,ONLINE IMPERSONATION,PAROLE VIOL,POCKET PICKING,POSS CONTROLLED SUB/NARCOTIC,POSS CONTROLLED SUB/OTHER,POSS CONTROLLED SUB/SYN NARC,POSS CRIMINAL INSTRUMENT,POSS DANG DRUG,POSS OF ALCOHOL - AGE 17 TO 20,POSS OF ALCOHOL-AGE 16 & UNDER,POSS OF DRUG PARAPHERNALIA,POSS OF FIREARM BY FELON,POSS OF GAMBLING PARAPHERNALIA,POSS OF PROHIBITED WEAPON,POSS SYNTHETIC MARIJUANA,POSS/PROMO CHILD PORNOGRAPHY,POSSESSION OF MARIJUANA,PROSTITUTION,PROTECTIVE ORDER,PUBLIC INTOX-SOBERING CENTER,PUBLIC INTOXICATION,PUBLIC LEWDNESS,PURSE SNATCHING,RECKLESS CONDUCT,RECKLESS DAMAGE,RENTAL CAR/FAIL TO RETURN,RESISTING ARREST OR SEARCH,RETALIATION,RIOT,ROBBERY BY ASSAULT,ROBBERY BY THREAT,RUNAWAY CHILD,SALE OF DXM TO MINOR,SALE OF LIQ WITHOUT PERMIT,SECURING EXEC-DOC BY DECEPTION,SEXTING/TRANSMIT SEXUAL PHOTOS,SOLICITATION - BEGGING,STALKING,SUSPICIOUS PERSON,TAKE WEAPON FRM POLICE OFFICER,TAMPERING WITH CONSUMER PROD,TAMPERING WITH EVIDENCE,TAMPERING WITH GOV RECORD,TERRORISTIC THREAT,TERRORISTIC THREAT-FAM/DAT VIO,TERRORISTIC THREAT-MASS CASLTY,THEFT,THEFT BY EMBEZZLEMENT,THEFT BY EXTORTION,THEFT BY FALSE PRETEXT/BUNCO,THEFT BY PUBLIC SERVANT,THEFT BY SHOPLIFTING,THEFT CATALYTIC CONVERTER,THEFT FROM AUTO,THEFT FROM BUILDING,THEFT FROM PERSON,THEFT OF AUTO PARTS,THEFT OF BICYCLE,THEFT OF HEAVY EQUIPMENT,THEFT OF LICENSE PLATE,THEFT OF METAL,THEFT OF SERVICE,THEFT OF TRAILER,THEFT- APPROPRIATE STOLEN PROP,THEFT-NO SUSPECT/FOLLOWUP,TRAFFICKING OF PERSONS,TRUANCY,UCW LICENSE PREMISE,UNLAWFUL CARRY-LIC HOLDER,UNLAWFUL CARRYING WEAPON,UNLAWFUL RESTRAINT,URINATING IN PUBLIC PLACE,VIOL CITY ORDINANCE - BOOTING,VIOL CITY ORDINANCE - DOG,VIOL CITY ORDINANCE - OTHER,VIOL CITY ORDINANCE - SOUND,VIOL CITY ORDINANCE - WRECKER,VIOL CITY ORDINANCE -FIREWORK,VIOL OF AGGRESSIVE CONFRONT,VIOL OF BOND CONDITIONS,VIOL OF CAMPING ORDINANCE,VIOL OF EMERG PROTECTIVE ORDER,VIOL OF PROTECTIVE ORDER,VIOL STATE LAW - OTHER,VIOL TEMP EX PARTE  ORDER,VOCO - ALCOHOL  CONSUMPTION,VOYEURISM-PEEPING TOM,WARRANT ARREST NON TRAFFIC,WEAPON VIOL - OTHER,AGG KIDNAPPING FAM VIO,BURG OF RES - FAM/DATING ASLT,CRED CARD ABUSE - EXPIR-CANCEL,CRIMES AGAINST ELDERLY,CRIMINAL SOLICITATION OF MINOR,DEADLY CONDUCT FAM/DATE VIOL,DISPOSAL OF SOLID WASTE,DOC DISCHARGE GUN - PUB ROAD,FALSE STATEMENT -OBTAIN CREDIT,FRAUD FILING FINANCE STATEMENT,FRAUD-CARD SKIMMER,INHALANT ABUSE,INJ TO DISABLED  FAM/DATE VIOL,INJ TO ELDERLY   FAM/DATE VIOL,INJURY TO CHILD (CARE/CUSTODY),INTER EMERG PHONECALL FAM/DATE,INTERFERING W/EMERG PHONE CALL,ONLINE SOLICITATION OF A MINOR,POSSESSION OF FORGED WRITING,PROMOTION OF PROSTITUTION,THEFT BY CHECK,UNLAWFUL RESTRAINT FAM/DAT VIO,VIOL STAY AWAY ORDER,CRASH/INTOXICATION ASSAULT,DISTRIB HARMFUL MATERIAL MINOR,FORGERY BY ALTERATION,HAZING,IDENTITY THEFT-TAX RETURNS,OBTAIN DANG DRUG BY FRAUD,REPEAT RUNAWAY,VIOL OF OBSTRUCTION ORDINANCE,VOCO AMPLIFIED MUSIC/VEHICLE,CAMPING IN PARK,CRASH/INTOX MANSLAUGHTER,DOMESTIC VIOLENCE/ALARM,FRAUD DESTRUCTION OF A WRITING,HARASSMENT ONLINE,ISSUANCE OF BAD CHECK,PROWLER,SEXUAL COERCION,DEL OF ALCOHOL TO MINOR,FICTITIOUS NAME,FORGERY- CERTIFICATE OF TITLE,VIOL CITY ORD-COVID 19 MASK,AIRPORT - BOMB THREAT,AIRPORT - BREACH OF SECURITY,AIRPORT - FEDERAL VIOL,AIRPORT PLACES WEAPON PROHIBIT,ILLUMIN AIRCRAFT INTENSE LIGHT,MONEY LAUNDERING,VIOL CITY ORDINANCE - AIRPORT,ABUSE OF CORPSE,DANG DRUG VIOL - OTHER,DEL CONTROLLED SUB/OTHER,HARBORING RUNAWAY CHILD,HINDERING APPREHENSION,PROBATION VIOL,CRASH/MANSLAUGHTER,MANSLAUGHTER,AGG PROMOTION OF PROSTITUTION,CAPITAL MURDER,INJ/CHILD FV (NO CARE/CUSTODY),INJURY TO ELDERLY PERSON - SBI,PURCHASING PROSTITUTION,TRADEMARK COUNTERFEITING,VIOL OF PARK CURFEW,ATT AUTO THEFT,AGG KIDNAPPING,ATT BURGLARY OF RESIDENCE,DOC WINDOW PEEPING - PUB AREA,MAKING TOBACCO AVAIL TO MINOR,BOATING WHILE INTOXICATED,ATT THEFT,CONTROLLED SUB VIOL - OTHER,CRIMINAL SOLICITATION,DISRUPTING MEETING/PROCESSION,FALSE REPORT TO CPS,KIDNAPPING FAM VIO,TELECOMMUNICATION CRIMES/OTHER,VIOL CITY ORDINANCE -  GAME RM,HINDER SECURED CREDITORS,PIGEON DROP,ARSON WITH BODILY INJURY,CONTEMPT OF COURT,KEEPING GAMBLING PLACE,SMUGGLING ILLEGAL ALIEN,VIOL OF COURT ORDER-NON EPO-PO,FALSE CALLER ID DISPLAY/SPOOF,TOBACCO VIOL - UNDER AGE 21,AGG PERJURY,TOBACCO VIOL - UNDER AGE 17,ATT ARSON,FALSE ID AS A PEACE OFFICER,OBSCENITY,VIOL CITY ORDINANCE - TITLE 10,TAMPERING WITH WITNESS,BESTIALITY,THEFT OF TELECOMMUNICATION SRV,VIOL STATE MASSAGE REGULATIONS
0,78701,5,5,39,1,226,13,17,4,4,2,37,1,2,13,321,36,134,4,2,2,40,27,149,697,263,7,27,198,1,41,31,153,614,26,1,5,1,9,75,88,4,584,6,38,316,44,9,105,15,10,37,42,122,15,68,20,2,2,2,328,5,4,16,21,38,170,2,17,1,2,17,3,1,1,291,53,3,4,41,2,60,11,33,3,2,18,11,3,323,3,5,12,7,41,5,1,73,6,52,120,21,167,6,17,38,6,1,9,11,29,1,1,10,7,24,1,1,1,1,16,1,10,10,2,1,6,5,15,204,9,16,1,10,5,1,548,31,1,1,27,2,124,3,1,55,376,4,6,1,27,5,53,7,12,79,12,4,1,1,1,2,1,6,77,3,5,10,3,119,4,4,1004,3,1,1,1,99,30,20,31,226,4,235,1,31,3,47,2,1,44,1,1,7,3,133,2,9,1,1,41,38,10,1,2,1,2,14,15,16,1,4,2,83,2,0,0,0,0,0,0,0,0,0,0,0,0,0,0,0,0,0,0,0,0,0,0,0,0,0,0,0,0,0,0,0,0,0,0,0,0,0,0,0,0,0,0,0,0,0,0,0,0,0,0,0,0,0,0,0,0,0,0,0,0,0,0,0,0,0,0,0,0,0,0,0,0,0,0,0,0,0,0,0,0,0,0,0,0,0,0,0,0,0,0,0,0,0,0,0,0,0,0,0
1,78702,1,3,48,2,123,34,3,0,4,2,35,0,1,14,128,61,157,19,2,7,4,6,245,250,295,1,8,229,7,144,73,128,525,78,3,6,0,7,51,34,0,507,4,18,283,1,5,51,16,4,27,36,99,23,46,8,0,0,1,215,1,1,14,3,17,11,0,1,0,4,9,0,0,1,116,37,1,5,27,0,17,7,36,4,4,8,7,6,644,37,0,19,6,36,3,1,105,0,53,211,10,140,1,7,21,12,5,7,0,0,0,0,3,0,76,1,1,0,1,0,0,3,0,0,0,7,0,0,145,2,3,0,3,0,0,73,25,0,1,3,3,71,4,9,17,89,0,0,0,6,2,11,3,0,24,10,35,0,0,0,1,0,7,64,0,0,2,0,66,13,1,584,0,2,1,0,142,79,17,23,20,19,254,5,38,8,16,9,2,9,0,0,0,0,35,2,1,2,0,11,0,3,0,0,3,1,15,21,9,0,0,1,9,2,1,4,2,1,1,3,1,17,1,1,1,1,1,4,2,1,2,1,2,1,1,4,2,0,0,0,0,0,0,0,0,0,0,0,0,0,0,0,0,0,0,0,0,0,0,0,0,0,0,0,0,0,0,0,0,0,0,0,0,0,0,0,0,0,0,0,0,0,0,0,0,0,0,0,0,0,0,0,0,0,0,0,0,0,0,0,0,0,0,0,0,0,0,0,0,0,0,0,0
2,78703,0,1,3,0,6,7,0,0,1,1,2,0,0,0,40,5,27,3,1,0,2,2,28,38,125,1,6,56,0,53,43,107,496,8,0,2,0,2,13,31,0,122,0,4,46,0,1,9,9,0,3,2,22,2,11,3,0,0,0,57,0,0,1,0,4,1,0,1,0,4,5,1,1,0,125,14,2,5,19,0,1,0,0,0,0,3,1,1,129,18,0,0,1,33,0,0,48,0,11,66,1,130,1,2,6,0,2,4,0,0,0,0,2,0,39,0,0,0,0,0,0,0,1,0,0,5,0,0,24,2,0,0,0,0,0,5,3,0,0,0,0,7,0,2,3,19,0,0,0,5,0,3,1,0,3,2,11,0,0,0,1,0,3,47,0,0,0,0,20,0,1,181,0,1,0,0,36,24,12,6,4,4,115,0,13,2,14,3,0,3,0,0,1,0,5,0,0,0,0,7,0,0,0,0,3,0,3,4,3,0,0,0,4,0,0,0,0,2,0,0,0,0,0,0,4,0,0,4,1,0,1,0,0,0,0,0,0,1,1,2,1,1,2,1,1,1,0,0,0,0,0,0,0,0,0,0,0,0,0,0,0,0,0,0,0,0,0,0,0,0,0,0,0,0,0,0,0,0,0,0,0,0,0,0,0,0,0,0,0,0,0,0,0,0,0,0,0,0,0,0,0,0,0,0,0,0,0,0,0,0,0,0,0
3,78704,1,5,54,1,100,34,0,0,7,1,46,0,1,12,165,69,176,21,0,0,12,3,237,285,615,1,10,325,5,240,71,797,1043,75,9,7,0,9,56,106,2,702,2,74,236,7,7,57,24,1,3,21,184,11,70,8,0,0,0,297,0,2,9,14,12,10,3,5,0,10,27,0,2,1,247,40,4,10,62,2,25,10,20,0,3,18,7,3,869,54,1,21,5,56,3,2,152,0,51,276,7,252,3,11,25,0,7,11,0,2,0,0,0,0,163,0,0,0,0,1,0,3,0,1,2,19,1,3,112,9,2,1,2,0,0,56,8,0,0,0,5,69,1,7,20,161,1,0,1,17,15,7,3,0,33,10,192,0,0,0,3,0,3,155,0,1,1,0,84,19,4,889,0,1,0,0,447,160,55,43,31,34,400,2,90,6,41,66,1,54,1,0,0,0,25,1,0,6,6,10,0,14,0,0,2,1,20,37,7,1,0,0,18,0,0,6,0,1,0,0,0,1,4,0,6,0,1,7,0,1,4,3,0,0,0,0,0,3,0,3,0,0,0,12,0,0,1,1,1,1,1,2,1,1,0,0,0,0,0,0,0,0,0,0,0,0,0,0,0,0,0,0,0,0,0,0,0,0,0,0,0,0,0,0,0,0,0,0,0,0,0,0,0,0,0,0,0,0,0,0,0,0,0,0,0,0,0,0,0,0,0,0,0
4,78705,0,2,19,0,48,7,0,1,0,0,22,0,0,3,65,11,48,0,0,1,9,25,73,124,412,1,13,109,1,132,33,177,607,3,0,3,0,5,14,25,1,281,1,19,145,0,1,10,6,2,4,3,84,6,20,1,1,0,0,80,1,0,1,4,8,3,0,1,0,2,7,0,0,0,58,10,2,2,6,0,5,2,6,0,2,5,3,1,184,3,0,2,2,24,4,0,59,0,46,135,2,51,1,9,18,1,1,5,0,0,0,0,3,0,73,0,0,0,0,0,0,0,1,0,5,5,1,0,34,2,0,0,0,0,0,23,4,0,0,0,1,22,1,2,8,41,0,1,0,10,0,3,1,0,9,5,0,0,0,0,2,0,1,68,1,0,0,0,38,4,1,357,0,1,3,0,57,77,12,19,9,13,476,2,41,1,11,7,0,8,0,0,0,0,6,1,0,2,1,10,1,13,3,0,0,0,3,16,1,0,0,1,13,0,0,1,1,0,0,0,0,0,0,0,1,0,0,0,0,0,1,0,0,0,0,0,0,0,0,2,0,0,0,0,0,0,0,0,0,0,0,0,2,2,1,1,1,1,0,0,0,0,0,0,0,0,0,0,0,0,0,0,0,0,0,0,0,0,0,0,0,0,0,0,0,0,0,0,0,0,0,0,0,0,0,0,0,0,0,0,0,0,0,0,0,0,0,0,0,0,0,0,0
5,78717,1,2,13,1,9,3,0,1,0,0,4,0,0,2,13,17,11,4,0,0,1,0,58,10,50,0,4,51,0,48,68,60,163,27,0,2,0,1,9,25,1,69,0,5,9,2,0,2,3,0,2,0,24,2,19,0,0,0,0,38,0,0,1,2,1,2,0,0,0,1,5,0,1,0,38,4,1,0,5,0,0,0,4,0,1,0,3,0,219,17,0,3,5,5,0,0,30,0,3,67,0,95,0,3,2,0,0,0,0,0,0,0,1,0,35,0,0,0,0,0,0,0,0,0,0,4,0,0,10,1,1,0,0,0,0,6,0,0,0,0,1,4,1,4,0,6,0,0,1,6,1,1,0,0,4,2,8,0,0,0,1,0,1,22,0,0,0,0,13,2,0,123,1,0,0,0,69,29,6,8,4,3,20,0,18,1,5,5,0,2,0,0,0,0,3,0,0,0,0,2,0,1,0,0,0,0,2,5,0,0,0,0,0,1,0,0,0,0,0,0,0,0,0,0,2,0,0,0,0,2,0,3,0,0,0,1,0,0,0,0,0,0,0,0,0,0,0,0,0,1,0,0,0,0,0,0,0,0,0,0,0,0,0,0,0,0,0,0,0,0,0,0,0,0,0,0,0,0,0,0,0,0,0,0,0,0,0,0,0,0,0,0,0,0,0,0,0,0,0,0,0,0,0,0,0,0,0,0,0,0,0,0,0
6,78719,0,0,0,0,2,0,0,0,2,0,0,89,0,0,23,1,1,1,0,0,0,0,3,9,59,0,0,0,0,0,0,3,13,6,0,0,0,0,5,6,0,20,0,3,5,2,1,1,0,5,7,3,2,0,1,0,0,2,0,31,1,0,0,0,0,0,0,0,0,0,0,0,0,0,3,4,0,0,1,0,0,0,0,0,2,0,0,0,21,5,25,0,0,0,1,1,3,0,0,1,0,6,0,0,0,0,0,0,0,0,0,0,1,0,0,0,0,0,0,0,0,0,0,0,0,0,0,1,4,0,1,0,0,1,0,5,1,0,0,0,0,28,0,0,10,21,1,0,0,1,34,0,0,0,0,0,0,0,0,0,1,0,1,13,0,0,0,0,2,1,1,162,0,0,0,0,2,2,1,0,3,6,0,0,4,0,5,0,0,3,0,0,0,0,1,0,1,0,0,3,0,1,0,0,0,0,0,0,2,0,0,0,8,0,0,0,0,0,0,0,0,0,0,0,0,0,0,0,0,0,0,1,0,0,0,0,0,0,0,0,0,0,0,0,0,0,0,0,0,0,0,0,0,0,0,0,0,0,2,3,27,154,3,3,6,0,0,0,0,0,0,0,0,0,0,0,0,0,0,0,0,0,0,0,0,0,0,0,0,0,0,0,0,0,0,0,0,0,0,0,0,0,0,0,0,0,0,0,0,0,0,0,0
7,78721,2,3,24,1,67,35,0,0,5,0,21,0,0,10,49,59,67,17,1,5,2,0,153,108,98,1,6,47,0,67,21,35,119,49,2,1,0,2,23,13,0,217,1,8,58,1,0,10,10,2,1,5,36,7,19,1,0,0,0,108,0,0,12,4,6,4,0,0,0,0,12,0,0,0,48,5,3,3,14,0,14,4,18,0,0,6,2,1,427,48,0,23,2,10,0,0,34,0,8,113,2,53,1,4,7,0,7,5,0,1,0,1,4,1,31,0,0,0,0,0,0,4,0,0,0,3,0,0,100,4,7,0,5,0,0,43,14,0,1,2,1,55,2,8,6,29,0,0,0,1,0,3,1,0,11,2,32,0,0,0,0,0,5,28,1,0,2,1,33,11,0,205,1,0,0,0,17,30,6,8,10,6,28,2,17,3,15,14,0,3,0,0,0,0,30,2,1,0,0,1,0,11,1,0,2,0,4,30,1,0,0,0,8,1,0,3,0,0,0,2,0,8,1,0,1,0,0,2,0,2,1,1,1,0,1,0,0,0,0,0,0,0,0,0,0,0,0,0,0,0,0,1,0,0,0,0,0,0,0,0,0,0,0,0,0,1,1,1,1,1,1,0,0,0,0,0,0,0,0,0,0,0,0,0,0,0,0,0,0,0,0,0,0,0,0,0,0,0,0,0,0,0,0,0,0,0,0,0,0,0,0,0,0
8,78722,0,1,4,0,9,2,0,0,1,0,15,0,0,2,24,11,25,3,0,1,1,1,29,48,58,0,0,44,0,28,12,24,115,18,0,0,0,0,11,9,0,86,1,2,28,2,0,8,2,4,0,1,14,1,2,0,0,0,0,37,0,0,2,0,2,2,0,0,0,1,3,0,0,0,39,7,0,1,5,0,2,1,6,1,0,1,1,1,99,12,0,4,1,4,0,0,22,0,12,38,0,37,0,1,5,0,0,2,0,0,0,1,0,0,17,0,0,0,0,0,0,1,0,0,0,1,0,0,26,3,0,0,1,0,0,10,2,0,0,0,1,17,1,1,4,5,0,0,0,3,1,2,1,0,4,0,12,0,0,0,0,0,1,22,0,0,0,2,9,3,0,113,0,0,1,0,12,34,4,3,3,4,47,0,10,0,4,7,0,1,0,0,1,0,8,0,0,0,0,0,0,1,0,0,1,0,2,4,1,0,0,0,2,0,0,0,0,0,1,0,0,0,0,0,1,0,0,1,0,1,0,0,0,0,0,0,0,1,0,0,0,1,0,0,0,0,0,0,0,0,0,0,0,0,0,0,0,0,0,0,0,0,0,0,0,0,0,0,0,0,0,1,1,0,0,0,0,0,0,0,0,0,0,0,0,0,0,0,0,0,0,0,0,0,0,0,0,0,0,0,0,0,0,0,0,0,0,0,0,0,0,0,0
9,78723,1,7,71,4,147,68,1,1,8,1,116,0,1,7,143,78,176,25,4,10,5,7,373,282,406,2,9,187,11,247,60,118,566,94,5,2,0,5,43,70,3,569,4,35,188,8,3,41,16,10,8,6,75,43,82,6,0,0,0,243,0,2,31,11,8,14,1,4,0,1,20,1,0,0,130,24,2,3,21,0,25,12,29,2,2,21,10,4,1189,49,1,32,4,38,7,0,112,0,17,295,3,151,0,13,22,3,21,12,0,0,2,1,6,1,96,0,0,0,2,0,0,7,1,1,0,5,1,0,160,11,2,0,5,0,0,71,28,0,1,1,3,69,2,12,15,64,0,0,0,16,1,12,4,0,50,17,197,0,0,1,3,0,12,70,1,0,1,0,118,39,3,770,1,1,0,0,438,149,50,19,25,31,118,3,100,6,76,23,1,30,0,0,1,0,39,4,1,0,3,3,0,5,0,1,2,1,17,36,6,2,1,1,18,1,0,4,0,1,1,2,0,9,3,0,4,1,0,13,2,2,3,4,0,0,1,2,0,1,1,3,0,1,1,9,0,0,0,1,0,2,0,1,0,1,0,0,1,0,0,0,0,0,0,0,0,0,0,1,2,0,2,0,0,1,1,1,3,2,1,1,0,0,0,0,0,0,0,0,0,0,0,0,0,0,0,0,0,0,0,0,0,0,0,0,0,0,0,0,0,0,0,0,0
10,78724,1,2,27,1,58,29,0,0,0,0,25,0,0,10,51,41,64,8,2,1,5,0,142,87,111,0,2,33,0,60,13,33,138,44,3,1,0,0,30,18,0,177,0,10,50,0,1,5,9,2,3,5,28,26,19,1,0,0,0,98,0,0,12,4,0,8,0,2,0,1,10,0,1,4,48,9,2,0,9,0,7,8,13,1,0,3,2,4,419,46,0,18,2,5,2,2,30,0,5,86,0,50,3,0,1,3,1,4,0,1,0,1,2,1,20,0,0,0,0,0,0,4,3,0,0,6,0,0,49,4,2,0,0,0,0,14,9,0,0,1,0,45,0,12,2,12,0,0,0,5,0,5,1,0,17,2,65,0,0,0,3,0,3,22,0,0,2,4,26,18,0,192,0,1,1,0,11,23,12,5,9,6,7,5,20,3,5,9,0,5,0,0,0,0,20,2,1,0,0,7,0,4,0,0,0,0,9,14,6,0,0,1,3,0,0,5,0,0,0,0,1,9,1,0,0,0,1,4,0,0,1,1,0,0,0,1,0,1,0,1,0,0,0,2,0,0,0,2,0,0,0,0,0,0,0,0,0,0,0,0,0,0,0,0,0,0,0,0,0,0,1,0,0,0,0,2,0,1,0,0,1,0,0,0,0,0,0,0,0,0,0,0,0,0,0,0,0,0,0,0,0,0,0,0,0,0,0,0,0,0,0,0,0
11,78725,0,1,2,0,7,3,1,0,1,0,2,0,0,0,6,4,9,2,0,0,0,0,12,6,5,0,0,7,1,7,3,1,20,5,2,0,0,0,4,1,0,18,0,2,3,0,0,0,1,1,2,1,2,0,4,0,0,0,0,12,0,0,0,0,0,0,0,0,0,0,3,0,0,0,8,2,0,0,1,0,0,0,4,0,0,0,0,0,34,1,0,1,0,1,0,0,4,0,0,8,0,12,0,0,1,1,0,0,0,0,0,0,0,0,2,0,0,0,0,0,0,1,0,0,0,0,0,0,6,0,0,0,0,0,0,1,2,0,1,0,0,4,0,1,0,2,0,0,0,0,0,1,0,0,0,1,1,0,0,0,1,0,1,3,0,0,0,0,3,2,1,22,0,0,0,0,0,5,0,2,0,0,2,0,1,0,2,2,0,1,0,0,0,0,4,0,0,0,0,1,0,0,0,0,8,0,2,6,1,0,0,0,1,0,0,0,0,0,0,0,0,1,0,0,0,0,0,0,0,0,0,0,0,0,0,0,0,0,0,0,0,0,0,0,0,0,0,0,0,0,0,0,0,0,0,0,0,0,0,0,0,0,0,0,0,0,0,0,0,0,0,0,0,0,0,0,0,0,0,0,0,0,0,0,0,0,0,0,0,0,0,0,0,0,0,0,0,0,0,0,0,0,0,0,0,0,0,0,0,0,0,0,0
12,78726,0,0,11,0,9,13,0,0,0,0,2,0,0,1,14,12,14,5,0,1,1,0,62,9,49,0,3,13,0,22,20,32,70,13,2,2,0,1,1,13,0,72,0,4,12,0,0,0,2,0,0,0,19,3,8,0,0,0,0,23,0,0,1,1,0,0,0,0,0,0,4,0,0,1,14,3,1,2,3,0,1,0,0,0,0,0,0,0,262,24,0,2,6,15,0,0,29,0,0,50,0,61,0,0,1,0,0,1,0,0,0,0,0,0,30,0,0,0,0,0,0,2,0,0,1,2,0,0,3,1,0,0,0,0,0,3,0,0,0,0,1,2,0,3,0,4,0,0,0,2,0,2,0,0,2,0,15,0,0,0,2,0,2,13,0,0,0,1,8,4,0,78,0,0,0,0,54,15,3,5,1,4,11,0,14,0,2,8,1,2,0,0,1,0,3,0,0,0,0,1,0,0,0,0,0,0,8,7,0,0,0,0,1,0,0,0,1,0,0,1,0,0,0,0,0,0,0,0,1,0,0,3,0,0,0,3,0,1,0,0,0,0,0,1,0,0,0,0,0,0,0,0,0,0,0,0,0,0,0,0,0,0,0,0,0,0,0,0,0,0,0,1,0,0,0,0,0,0,0,0,0,1,0,0,0,0,0,0,0,0,0,0,0,0,0,0,0,0,0,0,0,0,0,0,0,0,0,0,0,0,0,0,0
13,78727,0,1,15,1,22,14,0,0,0,0,11,0,0,1,28,22,25,8,0,2,1,1,118,39,175,0,5,62,1,65,59,110,324,53,0,3,0,5,13,29,1,156,1,6,19,1,0,1,5,1,1,1,40,8,35,2,0,0,0,78,0,1,2,4,1,1,0,0,0,2,5,0,0,0,51,7,1,2,14,0,2,2,6,1,2,1,0,0,408,25,0,2,9,39,3,0,66,0,2,117,2,115,0,3,4,1,1,1,0,0,0,0,0,0,133,0,0,0,0,0,0,0,2,0,0,3,0,0,17,1,0,0,0,0,0,5,2,0,0,0,1,9,1,6,3,14,0,0,0,3,3,0,1,0,8,6,25,0,0,0,2,0,1,46,0,0,0,0,15,14,0,206,0,1,0,0,33,40,18,17,1,6,36,0,46,1,11,15,0,3,0,0,0,0,8,0,0,0,0,0,0,2,0,0,1,0,11,13,3,0,0,1,3,0,0,2,0,0,0,2,0,1,0,1,1,0,0,5,0,0,0,4,0,0,1,0,0,0,0,2,0,1,0,3,0,0,0,0,0,0,1,0,0,2,0,0,0,0,0,0,0,0,0,0,0,0,0,0,0,0,0,0,0,1,0,0,0,0,0,0,0,0,1,0,0,0,0,0,0,0,0,0,0,0,0,0,0,0,0,0,0,0,0,0,0,0,0,0,0,0,0,0,0
14,78728,0,0,1,0,1,0,0,0,0,0,0,0,0,0,2,0,5,1,0,0,0,0,4,3,7,0,0,4,0,1,0,1,9,3,0,0,0,0,3,6,0,6,0,0,0,0,0,0,1,0,0,0,2,0,5,1,0,0,0,6,0,0,0,1,0,0,0,0,0,0,2,0,0,0,8,3,1,0,0,0,0,0,0,0,0,0,0,0,2,0,0,0,0,1,0,0,2,0,0,10,0,4,0,1,0,0,1,0,0,0,0,0,0,0,1,0,0,0,0,0,0,0,0,0,0,0,0,0,0,0,0,0,0,0,0,0,0,0,0,0,1,1,0,0,1,1,0,0,0,0,0,0,0,0,0,0,0,0,0,0,0,0,1,0,0,0,0,0,1,1,0,7,0,0,0,0,0,2,0,0,0,1,0,0,1,0,1,0,0,0,0,0,0,0,0,0,0,0,0,0,0,0,0,0,0,0,1,0,0,0,0,0,1,0,0,0,0,0,0,0,0,0,0,0,0,0,0,0,0,0,0,0,0,0,1,0,0,0,0,0,0,0,0,0,0,0,0,0,0,0,0,0,0,1,0,0,0,0,0,0,0,0,0,0,0,0,0,0,0,0,0,0,0,0,0,0,0,0,0,0,0,0,0,0,0,0,0,0,0,0,0,0,0,0,0,0,0,0,0,0,0,0,0,0,0,0,0,0,0,0,0,0,0
15,78729,0,1,40,0,34,10,0,0,1,2,8,0,0,1,25,28,23,2,0,0,2,0,118,45,105,1,2,109,4,41,42,81,184,16,2,0,0,3,10,26,1,176,0,16,24,3,0,6,6,0,3,2,67,5,20,0,0,0,0,94,0,2,3,1,1,2,0,0,0,0,5,0,0,0,39,2,0,2,6,0,3,2,0,0,2,3,1,0,474,40,0,7,8,15,4,0,33,0,3,102,2,64,0,4,4,2,2,2,0,0,0,0,0,0,54,0,0,0,0,0,0,0,0,1,0,3,0,0,19,2,1,0,2,0,0,7,2,0,0,0,0,9,2,2,1,21,0,0,0,3,1,1,0,0,6,5,19,0,0,0,1,0,4,38,0,0,0,1,23,8,1,238,1,0,0,0,106,46,11,13,3,4,35,0,32,3,7,7,0,3,0,0,0,0,6,0,0,0,2,2,0,2,0,0,2,1,9,9,1,0,0,0,3,0,0,0,0,0,0,1,0,0,0,0,0,0,0,3,1,2,0,3,0,0,0,0,0,0,0,0,0,1,0,0,0,0,0,0,0,2,1,0,0,0,0,0,0,0,0,0,0,0,1,0,0,0,0,0,1,0,0,0,0,4,0,0,0,0,0,0,0,0,0,0,0,0,0,0,0,0,0,0,0,0,0,0,0,0,0,0,0,0,0,0,0,0,0,0,0,0,0,0,0
16,78730,0,0,3,0,1,2,0,0,0,0,0,0,0,0,3,5,8,1,0,0,1,1,13,2,23,0,2,9,0,6,6,51,117,0,0,1,0,0,1,12,0,23,0,3,4,0,0,0,0,1,0,0,4,0,2,0,0,0,0,10,0,0,1,0,0,0,0,0,0,0,0,0,0,0,6,1,0,0,1,0,0,0,0,0,0,0,0,1,50,11,0,0,0,4,0,0,12,0,3,16,0,37,0,0,1,0,0,0,0,0,0,0,0,0,10,0,0,0,0,0,0,0,0,0,0,2,0,0,0,0,0,0,0,0,0,0,0,0,0,0,0,0,0,0,0,1,0,0,0,0,0,0,0,0,0,0,30,0,0,0,0,0,0,11,0,0,0,0,5,0,1,38,0,0,0,0,1,2,4,2,1,0,2,0,2,0,7,2,0,0,0,0,0,0,1,0,0,0,0,0,0,0,0,0,0,0,1,5,0,0,0,0,0,0,0,0,0,0,0,0,0,0,0,0,0,0,0,0,0,0,0,0,0,0,0,0,0,0,0,0,0,0,0,0,0,0,0,0,0,0,0,0,0,0,0,0,0,0,0,0,0,0,0,0,0,0,0,0,0,0,0,0,0,0,0,0,0,0,0,0,0,0,0,1,0,0,0,0,0,0,0,0,0,0,0,0,0,0,0,0,0,0,0,0,0,0,0,0,0,0,0,0,0
17,78731,0,0,10,1,14,5,0,2,1,0,8,0,0,1,18,16,30,2,0,1,1,5,51,38,126,1,7,51,0,47,17,227,788,17,0,2,0,2,11,39,0,157,0,12,33,0,0,5,7,0,3,5,35,2,19,0,0,0,0,44,0,1,9,2,1,1,0,3,0,1,5,0,2,0,88,6,2,2,9,0,3,1,7,1,4,2,2,1,130,9,0,2,6,55,2,1,78,0,16,99,1,171,1,1,13,0,2,0,0,0,0,0,2,0,66,0,0,0,1,0,0,1,0,0,2,2,0,0,11,0,0,0,0,0,0,12,3,0,0,0,2,3,1,5,11,9,0,0,0,5,1,0,0,0,0,2,11,0,0,1,2,0,2,35,0,0,0,0,17,4,0,194,0,3,2,0,43,55,14,7,1,7,42,1,26,0,8,7,0,4,0,0,0,0,4,0,0,0,0,1,0,0,0,0,0,0,0,2,0,0,0,0,3,0,0,0,0,0,0,0,0,2,2,0,1,0,0,2,0,0,0,0,0,0,0,0,0,1,1,2,0,0,0,4,0,0,0,0,0,0,0,0,0,0,0,0,0,0,0,0,0,0,0,0,0,0,0,0,0,0,0,0,0,1,0,0,0,0,0,0,0,0,0,0,1,0,0,0,0,0,0,0,0,0,0,0,0,0,0,0,0,0,0,0,0,0,0,0,0,0,0,0,0
18,78732,0,0,0,0,1,0,0,0,0,0,0,0,0,0,0,0,1,0,0,0,0,0,1,3,0,0,0,0,0,0,0,0,2,0,0,0,0,0,0,1,0,1,0,0,0,0,0,0,0,0,0,0,2,0,1,0,0,0,0,2,0,0,0,0,0,0,0,0,0,0,1,0,0,0,3,0,1,1,2,0,0,0,0,0,0,0,0,0,3,0,0,0,0,0,0,0,4,0,0,1,0,2,0,0,0,0,0,0,0,0,0,0,0,0,0,0,0,0,0,0,0,0,0,0,0,0,0,0,0,0,0,0,0,0,0,0,0,0,0,0,0,0,0,0,0,2,0,0,0,1,0,0,0,0,0,0,0,0,0,0,1,0,0,0,0,0,0,0,0,0,0,4,0,0,0,0,3,0,0,0,0,0,0,0,0,0,1,0,0,0,0,0,0,0,0,0,0,0,0,0,0,0,0,0,0,0,0,0,0,0,0,0,0,0,0,0,0,0,0,0,0,0,0,0,0,0,0,0,0,0,0,0,0,0,0,0,0,0,0,0,0,0,0,0,0,0,0,0,0,0,0,0,0,0,0,0,0,0,0,0,0,0,0,0,0,0,0,0,0,0,0,0,0,0,0,0,0,0,0,0,0,0,0,0,0,0,0,0,0,0,0,0,0,0,0,0,0,0,0,0,0,0,0,0,0,0,0,0,0,0,0,0,0
19,78733,0,0,0,0,0,0,0,0,0,0,0,0,0,0,0,0,0,0,0,0,0,1,0,0,0,0,0,0,0,0,0,0,1,1,0,0,0,0,0,0,0,1,0,0,0,0,0,0,0,0,0,0,0,0,0,0,0,0,0,2,0,0,0,0,0,0,0,0,0,0,0,0,0,0,0,0,0,0,0,0,0,0,0,0,0,0,0,0,0,0,0,0,0,1,0,0,0,0,0,0,0,0,0,0,0,0,0,0,0,0,0,0,0,0,0,0,0,0,0,0,0,0,0,0,0,0,0,0,0,0,0,0,0,0,0,0,0,0,0,0,0,0,0,0,0,0,0,0,0,0,0,0,0,0,0,0,0,0,0,0,0,0,0,0,0,0,0,0,0,0,0,1,0,0,0,0,0,0,0,0,0,0,0,0,0,0,0,0,0,0,0,0,0,0,0,0,0,0,0,0,0,0,0,0,0,0,0,0,0,0,0,0,0,0,0,0,0,0,0,0,0,0,0,0,0,0,0,0,0,0,0,0,0,0,0,0,0,0,0,0,0,0,0,0,0,0,0,0,0,0,0,0,0,0,0,0,0,0,0,0,0,0,0,0,0,0,0,0,0,0,0,0,0,0,0,0,0,0,0,0,0,0,0,0,0,1,0,0,0,0,0,0,0,0,0,0,0,0,0,0,0,0,0,0,0,0,0,0,0,0,0,0,0
20,78734,0,0,0,0,0,0,0,0,0,0,0,0,0,0,0,0,0,0,0,0,0,0,0,0,0,0,0,0,0,0,0,0,0,0,0,0,0,0,0,0,0,0,0,0,0,0,0,0,0,0,0,0,0,0,0,0,0,0,0,0,0,0,0,0,0,0,0,0,0,0,0,0,0,0,0,0,0,0,0,0,0,0,0,0,1,0,0,0,0,0,0,0,0,0,0,0,2,0,0,0,0,0,0,0,0,0,0,0,0,0,0,0,0,0,0,0,0,0,0,0,0,0,0,0,0,0,0,0,0,0,0,0,0,0,0,0,0,0,0,0,0,0,0,0,0,0,0,0,0,0,0,0,0,0,0,0,0,0,0,0,0,0,0,0,0,0,0,0,0,0,0,0,0,0,0,0,0,0,0,0,0,0,0,0,0,0,0,0,0,0,0,0,0,0,0,0,0,0,0,0,0,0,0,0,0,0,0,0,0,0,0,0,0,0,0,0,0,0,0,0,0,0,0,0,0,0,0,0,0,0,0,0,0,0,0,0,0,0,0,0,0,0,0,0,0,0,0,0,0,0,0,0,0,0,0,0,0,0,0,0,0,0,0,0,0,0,0,0,0,0,0,0,0,0,0,0,0,0,0,0,0,0,0,0,0,0,0,0,0,0,0,0,0,0,0,0,0,0,0,0,0,0,0,0,0,0,0,0,0,0,0,0,0
21,78735,0,0,8,0,11,5,2,0,2,0,8,0,0,2,17,7,18,4,0,1,0,0,59,20,61,0,1,101,1,18,32,85,156,20,1,0,0,0,10,21,0,67,0,10,33,3,0,3,4,0,0,0,25,5,18,1,0,0,0,47,0,0,2,0,0,0,0,0,0,2,3,0,0,1,46,13,1,2,9,0,0,1,2,1,0,1,7,0,166,15,0,1,3,16,1,0,34,0,3,39,0,77,0,2,0,0,1,2,0,0,0,0,1,0,55,0,0,0,0,0,0,1,1,0,0,6,0,0,13,0,0,0,0,0,0,1,0,0,0,0,1,6,0,1,1,8,0,0,0,5,1,1,0,0,0,0,9,0,0,0,1,0,0,20,0,0,0,0,3,4,0,97,0,0,0,0,22,21,9,4,3,5,14,0,16,2,6,7,0,4,0,0,0,0,2,0,1,0,0,2,0,3,0,0,0,0,2,6,2,0,0,0,1,0,0,0,1,0,0,0,0,0,1,0,0,1,0,2,0,2,0,1,0,0,0,2,0,1,0,0,0,0,1,1,0,0,0,0,0,0,0,0,0,0,0,0,0,0,0,0,0,0,1,0,0,0,0,0,1,0,0,0,0,0,0,0,0,0,0,0,0,0,0,0,0,0,0,0,0,0,0,0,0,0,0,0,0,0,0,0,0,0,0,0,0,0,0,0,0,0,0,0,0
22,78736,0,0,7,0,4,2,0,0,1,0,2,0,0,1,5,4,16,3,0,0,0,0,32,9,20,0,0,14,0,12,4,26,39,12,0,2,0,0,0,6,1,21,0,2,7,0,0,2,1,0,0,1,14,1,9,0,0,0,0,17,0,0,1,0,1,0,0,1,0,0,1,0,0,0,8,5,0,0,1,0,0,0,0,0,0,0,0,0,67,5,0,1,0,8,0,0,10,0,2,14,0,24,0,1,0,0,1,0,0,0,0,0,0,0,15,0,0,0,0,0,0,0,1,0,0,3,0,0,3,0,0,0,0,0,0,1,0,0,0,0,2,0,0,0,0,1,0,0,0,1,0,0,0,0,0,0,4,0,0,0,1,0,0,1,0,0,0,0,3,0,1,28,0,0,0,0,2,4,2,2,1,2,6,1,6,4,2,2,0,2,0,0,0,0,1,0,0,0,0,0,0,0,1,0,0,0,0,1,1,0,0,0,0,0,0,0,0,0,0,0,0,0,0,0,0,0,0,1,0,0,0,0,0,0,0,0,0,0,0,0,0,0,0,0,0,0,0,0,0,0,0,0,0,0,0,0,0,0,0,0,0,0,0,0,0,0,0,0,0,0,0,0,0,0,0,0,0,0,0,0,0,0,0,0,0,0,0,0,0,0,0,0,0,0,0,0,0,0,0,0,0,0,0,0,0,0,0,0,0,0,0,0,0
23,78737,0,0,0,0,1,0,0,0,0,0,1,0,0,0,0,0,0,0,0,0,0,0,0,3,0,0,0,1,0,0,1,0,0,0,0,0,0,0,0,0,0,2,0,0,0,0,0,0,0,0,2,1,0,0,0,0,0,0,0,1,1,0,0,0,0,0,0,0,0,0,1,0,0,0,2,0,0,0,0,0,0,0,0,0,0,0,0,0,1,0,0,0,0,0,0,0,2,0,0,1,0,2,0,0,0,0,0,0,0,0,0,0,0,0,1,0,0,0,0,0,0,0,0,0,0,0,0,0,0,0,0,0,0,0,0,1,0,0,0,0,0,1,0,0,0,1,0,0,0,0,0,0,0,0,0,0,0,0,0,0,0,0,0,2,0,0,0,0,2,0,0,1,0,0,0,0,0,1,0,0,0,0,0,2,0,0,0,0,0,0,0,0,0,0,0,0,0,0,0,0,0,0,0,0,0,0,0,0,0,0,0,0,0,0,0,0,0,0,0,0,0,0,0,0,0,0,0,0,0,0,0,0,0,0,0,0,0,0,0,0,0,0,0,0,0,0,0,0,0,0,0,0,0,0,0,0,0,0,0,0,0,0,0,0,0,0,0,0,0,0,0,0,0,0,0,0,0,0,0,0,0,0,0,0,0,0,0,0,0,0,0,0,0,0,0,0,0,0,0,0,0,0,0,0,0,0,0,0,0,0,0,0,0
24,78738,0,0,0,0,0,0,0,0,0,0,0,0,0,0,1,0,0,0,0,0,0,0,0,0,0,0,0,0,0,0,0,0,0,0,0,0,0,0,0,0,0,0,0,0,0,0,0,0,0,0,0,0,0,0,0,0,0,0,0,0,0,0,0,0,0,0,0,0,0,0,0,0,0,0,0,0,0,0,0,0,0,0,0,0,0,0,0,0,0,0,0,0,0,0,0,0,0,0,0,0,0,1,0,0,0,0,0,0,0,0,0,0,0,0,0,0,0,0,0,0,0,0,0,0,0,0,0,0,0,0,0,0,0,0,0,0,0,0,0,0,0,0,0,0,0,0,0,0,0,0,0,0,0,0,0,0,0,0,0,0,0,0,1,0,0,0,0,0,0,0,0,0,0,1,0,0,0,0,0,0,0,0,0,0,1,0,0,0,0,0,0,0,0,0,0,0,0,0,0,0,0,0,0,0,0,0,0,0,0,0,0,0,0,0,0,0,0,0,0,0,0,0,0,0,0,0,0,0,0,0,0,0,0,0,0,0,0,0,0,0,0,0,0,0,0,0,0,0,0,0,0,0,0,0,0,0,0,0,0,0,0,0,0,0,0,0,0,0,0,0,0,0,0,0,0,0,0,0,0,0,0,0,0,0,0,0,0,0,0,0,0,0,0,0,0,0,0,0,0,0,0,0,0,0,0,0,0,0,0,0,0,0,0
25,78739,0,0,0,0,1,0,0,0,0,0,1,0,0,1,6,5,7,2,0,0,0,1,8,4,24,0,2,1,0,8,0,30,39,37,0,0,0,0,0,13,0,14,0,2,1,0,0,0,0,0,1,0,2,1,5,0,0,0,0,7,0,0,0,0,0,0,0,1,0,0,0,0,0,0,8,0,1,1,1,0,0,1,1,0,0,0,1,0,47,10,0,0,1,8,0,0,18,0,0,12,0,80,0,0,1,0,2,0,0,0,0,0,0,0,13,0,0,0,0,0,0,1,0,0,2,2,0,0,3,0,0,0,0,0,0,0,0,0,0,0,0,1,0,0,0,0,0,0,0,0,0,0,0,0,0,0,7,0,0,0,0,0,0,12,0,0,0,0,2,2,0,26,0,0,0,0,0,0,0,0,0,0,1,0,5,0,0,0,0,4,0,0,0,0,0,0,0,0,0,0,0,0,0,0,0,0,0,1,0,0,0,0,0,0,0,0,0,0,0,0,0,0,0,0,0,0,0,0,0,1,0,1,0,0,0,0,0,0,0,0,0,0,0,0,0,0,0,0,0,0,0,0,1,0,0,0,0,0,0,0,0,0,0,0,0,0,0,0,0,0,0,0,0,0,0,0,0,0,0,0,0,0,0,0,0,0,0,0,0,0,0,0,0,0,0,0,0,0,0,0,0,0,0,0,0,0,0,0,0,0,0,0,0
26,78741,3,14,133,6,227,86,2,1,9,3,152,0,1,18,218,222,246,40,2,8,13,5,594,363,737,3,10,257,8,426,150,243,1047,97,14,3,0,9,111,83,2,780,1,26,414,14,5,83,36,15,8,12,238,58,75,27,1,0,0,354,0,3,42,27,9,38,2,2,0,11,44,0,1,1,291,63,7,15,41,0,41,13,56,0,1,37,6,4,1914,77,0,34,4,41,3,1,158,0,34,425,11,184,1,21,47,4,17,11,0,3,1,0,5,0,233,0,0,0,0,0,0,13,2,1,3,10,1,0,272,14,13,1,2,0,0,119,38,0,1,4,5,139,3,21,19,121,3,1,0,15,1,26,4,0,45,19,100,0,0,0,4,0,19,127,1,0,4,3,74,30,0,947,0,1,1,0,147,166,57,37,48,46,227,9,126,8,51,29,4,18,1,0,0,1,60,1,1,1,3,14,0,19,0,0,6,1,54,51,7,1,0,0,12,0,0,10,1,0,0,2,0,6,2,0,1,1,2,7,1,7,4,5,0,1,4,7,0,4,2,1,0,3,0,4,0,0,0,0,1,1,0,1,2,0,0,0,1,0,0,0,0,0,1,0,0,0,0,0,3,1,0,0,0,1,0,1,0,1,0,0,0,1,0,0,0,0,1,1,1,1,1,1,1,1,0,0,0,0,0,0,0,0,0,0,0,0,0,0,0,0,0,0,0
27,78742,2,0,2,0,3,0,0,0,0,0,3,0,0,0,3,1,1,1,0,0,0,0,7,10,14,0,0,11,0,2,0,3,11,3,0,0,0,0,1,2,0,12,0,0,3,0,0,0,0,0,1,0,0,0,1,0,0,0,0,4,0,0,2,0,0,0,0,0,0,0,1,0,0,0,15,4,0,1,0,0,2,2,2,0,0,1,0,0,24,1,0,1,0,0,0,0,3,0,2,6,0,3,0,0,0,0,0,0,0,0,0,0,0,1,1,0,0,0,0,0,0,0,0,0,0,0,0,0,4,0,0,0,0,0,0,1,0,0,0,0,0,1,0,0,1,0,0,0,0,0,7,0,0,0,2,0,0,0,0,0,0,0,0,2,0,0,0,0,1,0,0,26,0,0,0,0,0,3,2,0,0,1,0,0,2,0,1,1,0,2,0,0,0,0,2,0,0,0,0,0,0,0,0,0,0,0,0,0,0,0,0,0,0,0,0,0,0,0,0,0,0,0,0,0,0,0,0,0,0,0,0,0,0,0,0,0,0,1,0,0,0,0,0,0,0,0,0,0,0,0,0,0,0,0,0,0,0,0,0,0,0,0,0,0,0,0,0,0,0,0,0,0,0,0,0,0,0,0,0,0,0,0,0,0,0,0,0,0,0,0,0,0,0,0,0,0,0,0,0,0,0,0,0,0,0,0,0,0,0,0,0,0,0
28,78744,4,8,65,4,117,63,0,3,1,0,73,0,0,21,108,135,123,40,1,6,7,6,451,179,425,3,8,158,8,126,51,300,492,145,9,8,0,3,72,69,1,528,2,56,162,15,4,42,28,3,7,13,138,71,69,7,1,0,0,196,1,0,43,16,6,14,2,2,0,1,22,0,1,0,194,46,10,3,33,0,32,13,31,0,5,14,1,5,1650,97,0,38,3,32,2,1,131,0,10,264,6,155,2,12,11,0,10,4,0,0,0,0,1,1,88,0,0,0,0,0,0,9,2,1,0,10,2,0,147,9,3,0,3,1,0,53,21,0,1,0,5,96,2,19,9,42,0,0,0,6,6,7,4,0,15,8,177,0,0,0,3,0,7,85,1,0,0,1,61,24,0,553,1,1,1,0,105,144,55,23,16,32,32,9,83,27,44,73,3,20,1,0,0,1,35,1,0,0,4,8,0,13,0,0,7,2,28,54,9,0,0,0,11,1,0,4,0,0,0,2,0,16,5,0,1,0,2,4,2,2,0,3,0,0,2,2,0,2,1,1,0,0,0,3,0,0,0,1,0,0,0,0,0,2,0,0,2,0,0,0,0,0,0,1,0,0,0,0,4,1,2,0,0,0,1,0,0,1,0,1,0,1,0,0,0,0,0,0,0,0,0,0,0,1,1,1,0,0,0,0,0,0,0,0,0,0,0,0,0,0,0,0,0
29,78745,3,7,79,6,143,40,2,1,8,0,48,0,0,20,163,119,222,38,1,7,6,18,430,306,442,0,12,277,14,201,139,453,523,157,7,6,0,7,74,91,1,582,3,61,180,2,7,47,23,6,8,15,170,31,80,8,0,0,0,331,0,0,10,15,14,8,1,0,0,1,29,0,2,3,181,50,5,9,64,1,14,9,28,1,2,17,4,2,1449,60,3,25,9,62,11,0,169,0,24,277,8,259,4,7,25,1,6,6,0,0,2,0,5,0,145,0,0,0,0,1,0,5,3,1,2,12,0,0,160,12,6,0,4,0,0,60,10,0,0,2,6,67,1,21,26,129,0,0,0,12,1,16,0,0,30,11,110,0,0,1,0,0,9,139,2,1,1,1,85,21,2,689,1,1,0,0,178,145,49,29,25,25,119,3,103,10,40,61,2,49,0,0,0,1,30,0,1,0,5,6,0,7,0,2,4,2,22,48,5,2,0,0,23,0,0,6,0,0,0,0,0,8,3,0,9,0,0,12,2,2,0,1,0,1,1,5,0,7,0,2,0,0,0,2,0,0,0,1,0,0,1,1,0,3,0,0,0,0,0,0,0,0,1,0,0,0,0,1,2,1,2,0,0,2,1,0,0,0,0,0,0,0,0,0,0,0,0,0,0,0,0,0,0,1,0,0,1,2,2,2,1,0,0,0,0,0,0,0,0,0,0,0,0
30,78746,0,0,3,0,10,5,0,1,0,0,5,0,0,1,16,5,16,1,0,1,0,0,26,23,88,0,5,31,0,27,13,252,348,10,1,1,0,1,11,30,0,68,1,4,14,0,0,0,2,0,2,7,9,1,18,0,0,0,0,33,0,0,1,3,1,0,1,0,0,1,4,0,1,2,45,10,0,3,12,0,1,1,1,0,0,1,2,0,78,15,0,0,1,19,1,0,41,0,8,49,1,83,2,0,4,0,0,0,0,0,0,0,0,0,34,0,0,0,0,0,0,1,0,0,0,8,0,7,9,2,0,0,0,0,2,1,1,0,0,0,1,7,0,3,3,6,0,0,0,0,1,1,0,0,3,2,8,0,0,0,1,0,1,21,1,0,0,0,13,4,1,208,0,0,0,0,84,34,7,7,144,2,25,0,15,2,6,5,0,21,0,0,0,0,4,2,1,0,1,0,0,0,0,0,0,0,2,1,1,1,0,0,1,0,0,0,1,0,0,0,1,0,1,0,0,0,0,0,0,0,0,1,0,0,1,0,0,1,0,2,0,3,0,0,0,0,0,0,0,0,0,0,0,1,0,0,0,0,0,0,0,0,0,0,0,0,0,0,0,0,0,0,1,0,0,0,0,1,0,0,0,0,0,0,0,0,0,0,0,0,0,0,0,0,0,0,0,0,0,0,0,1,1,0,0,0,0,0,0,0,0,0,0
31,78747,0,1,10,1,11,8,2,0,0,0,8,0,0,0,4,28,24,7,0,2,0,0,92,31,43,0,3,23,3,41,7,73,79,42,1,0,0,2,8,14,0,61,0,6,9,0,0,3,4,0,0,2,24,14,14,3,0,0,0,36,0,0,2,1,0,0,0,2,0,0,4,0,0,0,24,6,2,1,9,0,1,0,1,0,0,0,0,2,360,20,0,4,1,7,0,0,39,0,1,59,1,75,1,1,2,1,3,1,0,0,0,0,0,0,33,0,0,0,0,0,0,2,0,0,0,5,0,0,10,0,0,0,0,0,0,3,0,0,0,0,0,11,0,1,0,7,0,0,0,0,2,0,0,0,0,0,33,0,0,0,3,0,0,20,0,0,0,0,11,2,0,73,0,1,0,0,2,13,3,3,3,2,3,1,6,2,4,11,0,4,0,0,0,0,2,0,0,0,0,0,0,3,2,0,0,0,3,8,1,0,0,0,0,0,0,1,0,0,0,0,0,0,0,0,0,0,0,0,0,0,0,2,0,0,1,2,0,1,0,0,0,0,0,0,0,0,0,1,0,0,0,0,0,0,0,0,0,0,0,0,0,0,0,1,0,0,0,0,0,0,0,0,0,0,0,0,0,0,0,0,0,0,0,0,0,0,0,1,0,0,0,0,0,0,0,0,0,0,0,0,0,0,0,0,0,0,0,0,0,0,0,0,0
32,78748,6,2,57,0,52,25,0,0,5,0,16,0,0,7,75,70,90,16,1,8,4,0,247,126,200,0,14,115,8,111,59,245,317,239,4,2,0,4,28,58,1,324,4,16,81,0,1,30,15,3,12,23,99,13,65,3,0,0,0,155,0,1,12,12,6,9,3,3,0,1,12,0,0,0,118,14,2,5,21,0,13,2,14,2,1,11,0,1,963,45,0,16,1,25,2,0,115,0,11,223,4,230,1,6,10,4,8,7,0,1,0,0,4,0,111,0,0,0,0,0,0,1,0,0,0,11,1,0,48,2,2,0,2,0,0,14,7,0,0,0,3,29,1,15,4,32,1,0,0,2,2,2,2,0,13,7,51,0,0,0,1,0,6,79,0,0,1,0,38,11,0,423,1,0,0,0,238,84,21,10,8,11,66,2,53,4,19,35,0,31,0,0,0,0,10,1,0,0,2,5,0,4,0,0,6,0,15,44,3,2,1,1,5,0,0,2,0,1,0,0,0,1,0,0,0,0,0,3,4,2,0,2,0,0,1,2,1,2,0,1,0,0,1,2,0,0,0,1,0,3,0,0,0,0,2,0,0,0,0,0,0,0,0,0,0,0,0,0,1,0,0,0,0,0,0,0,0,0,1,0,0,0,0,0,0,0,0,0,0,0,0,0,1,0,0,0,1,0,0,0,0,0,0,1,1,0,0,0,0,0,0,0,0
33,78749,0,0,17,1,10,6,0,0,2,0,7,0,0,2,30,26,45,4,0,0,0,0,103,38,101,1,6,43,3,54,39,181,284,65,2,2,0,1,11,42,1,137,4,17,18,0,1,3,9,0,2,4,39,6,30,0,0,0,0,89,1,0,0,2,2,0,0,0,0,1,6,0,1,0,57,11,0,2,14,0,2,0,4,1,2,2,1,1,396,32,0,9,3,48,2,1,87,0,10,120,0,173,0,4,9,2,2,1,0,0,0,0,0,0,85,0,0,0,0,0,0,3,0,0,0,7,0,0,17,0,0,0,0,1,0,4,0,0,0,0,0,8,0,4,5,19,0,0,0,3,0,1,0,0,3,5,28,0,0,0,0,0,3,51,0,0,0,0,23,6,0,241,0,0,0,0,123,36,6,8,3,4,44,0,24,2,10,7,0,14,1,0,0,1,2,0,0,0,2,3,0,2,0,0,0,0,5,22,1,0,0,0,3,1,0,1,0,0,0,0,1,0,1,0,1,2,0,4,0,1,0,3,0,0,0,0,0,0,0,0,0,0,0,3,0,0,0,0,0,2,0,1,0,1,0,0,0,0,0,0,0,0,0,0,0,0,0,0,0,0,0,0,0,0,0,0,0,0,0,0,0,1,0,0,0,0,0,0,0,0,0,0,1,0,0,0,0,0,0,0,0,0,0,0,0,0,0,0,0,0,0,0,0
34,78750,1,0,18,1,11,8,0,0,0,1,6,0,0,3,19,16,23,6,0,0,1,2,82,30,86,0,5,62,1,58,21,123,273,38,0,2,0,0,13,28,2,135,0,9,10,0,0,2,6,0,2,3,43,4,21,0,0,1,0,64,0,0,2,2,3,1,0,0,0,0,2,0,2,0,42,3,1,3,7,0,0,1,1,0,1,0,2,0,303,40,0,2,3,35,1,0,52,0,7,85,1,118,0,8,0,0,0,5,0,0,1,0,1,0,93,0,0,0,0,0,0,2,0,0,1,4,0,0,20,1,1,0,0,0,0,4,2,0,1,0,5,7,2,6,1,16,0,0,0,0,0,0,0,0,0,3,40,0,0,0,0,0,2,25,0,0,0,0,18,5,0,172,1,0,0,0,40,28,10,14,3,7,30,0,23,4,17,12,0,2,1,0,0,2,1,0,0,0,0,1,0,0,0,0,4,0,8,8,1,1,0,0,5,0,0,3,0,2,0,0,0,1,3,0,3,1,0,2,0,1,0,3,0,0,0,0,0,0,0,0,0,0,0,0,0,0,0,0,0,0,0,0,1,1,0,0,0,0,0,0,0,0,0,0,0,0,0,0,0,0,0,0,0,2,0,0,0,0,0,0,0,0,0,0,0,0,0,0,0,0,0,0,0,0,0,0,0,0,0,0,1,0,0,0,0,0,0,0,0,0,0,0,0
35,78751,1,4,25,0,40,18,0,1,3,0,18,0,1,7,969,14,56,3,0,1,2,4,93,178,236,0,7,95,2,83,81,100,408,16,0,1,0,4,15,24,0,216,5,14,131,11,1,10,12,1,2,6,43,6,21,1,0,0,0,109,0,0,4,5,13,6,0,0,0,4,9,0,0,0,80,8,3,4,12,1,10,4,5,2,0,9,1,1,269,5,0,8,6,25,2,1,50,0,14,95,5,82,0,3,13,7,2,9,0,1,0,0,1,2,72,0,0,0,1,0,0,0,2,0,1,7,0,0,81,3,1,0,1,0,0,18,3,0,1,0,0,21,1,3,8,32,1,1,1,8,1,6,0,0,6,1,6,0,0,0,1,0,5,60,0,0,0,0,25,5,0,311,1,1,0,0,136,72,32,14,5,18,189,0,38,0,16,10,1,10,0,0,0,1,6,2,0,0,0,2,0,1,0,0,6,1,5,3,0,0,0,1,9,1,0,1,0,0,0,0,0,0,0,1,0,0,0,1,0,2,1,1,0,0,0,0,2,0,0,1,0,1,1,0,0,0,0,0,0,0,1,0,0,0,0,0,0,0,0,0,0,0,0,0,0,0,0,0,0,0,0,0,0,0,0,0,0,0,0,0,0,0,0,0,0,0,0,0,0,0,0,0,0,0,3,0,0,0,0,0,0,0,0,0,0,0,0,0,0,0,0,0,0
36,78752,5,5,53,2,119,44,1,0,3,2,95,0,0,5,94,24,75,10,2,10,4,4,248,201,284,0,6,138,1,113,38,110,585,35,3,3,0,3,49,27,0,401,2,27,196,21,6,32,19,7,9,3,36,26,47,3,0,0,0,125,1,0,26,11,11,4,1,1,0,3,19,0,2,0,170,33,2,6,33,1,14,14,21,0,2,7,4,1,723,40,0,25,1,29,2,0,59,0,12,160,2,83,0,4,9,0,10,7,0,5,0,0,1,0,60,0,0,0,0,0,0,12,0,0,0,3,1,0,99,1,4,0,3,0,0,57,20,0,1,2,0,33,3,9,14,62,1,0,0,16,2,10,1,0,43,9,70,0,0,0,3,0,6,55,0,1,1,0,70,12,2,436,0,0,1,0,90,79,32,15,30,7,70,1,54,3,29,13,1,9,0,0,0,1,33,1,1,0,1,5,0,5,1,0,5,1,17,29,5,0,15,0,17,0,0,6,1,2,0,1,0,1,1,0,0,1,1,2,1,2,3,1,0,1,0,2,0,1,0,1,0,0,0,2,0,0,0,0,0,0,0,0,1,1,1,0,0,0,0,0,0,0,0,0,0,0,0,0,1,0,1,0,0,0,0,0,0,0,0,0,0,0,0,0,0,0,0,0,0,0,0,0,0,0,0,0,0,0,0,0,0,0,0,0,0,0,0,0,0,0,0,0,0
37,78753,2,8,102,6,223,101,0,0,14,4,166,0,0,26,175,147,209,50,4,14,8,17,645,414,788,2,10,279,11,288,123,295,976,161,11,11,0,11,134,94,4,894,4,54,248,9,5,15,21,5,9,11,174,65,113,13,0,1,0,428,2,2,53,32,11,23,2,3,0,4,34,1,2,2,262,59,5,5,51,0,37,15,48,1,1,17,7,4,1720,122,0,52,18,60,7,1,157,0,12,359,1,184,2,15,23,8,20,6,0,3,1,0,2,1,177,0,0,0,1,1,0,11,2,0,0,17,2,0,218,4,7,0,4,0,0,75,30,0,4,5,3,75,28,25,29,82,0,3,0,19,5,8,0,0,81,16,238,0,0,0,1,0,11,85,0,0,4,1,109,45,2,1010,5,2,4,0,575,144,62,31,60,33,50,3,149,17,134,57,2,16,1,0,1,0,54,4,2,0,1,9,0,17,1,0,6,0,25,56,8,1,0,0,16,0,0,15,1,1,1,0,0,11,4,0,1,1,1,8,0,5,3,4,0,2,3,7,0,3,0,1,0,0,0,7,0,0,0,2,0,1,1,0,3,1,0,0,0,0,0,0,0,0,0,0,0,0,0,2,2,0,1,1,0,5,1,0,0,0,0,0,2,2,2,0,0,0,0,0,0,0,0,1,0,0,1,0,0,1,0,0,0,0,0,0,0,1,1,1,1,0,0,0,0
38,78754,1,5,24,0,32,24,0,0,0,1,29,0,0,4,39,33,51,11,0,4,2,0,160,78,155,0,9,74,2,58,42,51,224,43,3,0,0,1,28,27,1,163,0,8,32,0,2,1,6,2,4,8,28,16,19,3,0,0,0,88,0,2,10,3,0,3,1,2,0,1,4,1,0,0,43,8,0,1,6,1,2,2,3,2,2,1,1,2,423,40,0,9,3,17,3,2,59,0,2,138,4,105,3,3,7,4,3,4,0,1,1,0,0,0,65,0,0,0,0,0,1,3,0,0,1,5,3,0,28,2,2,0,0,0,0,3,6,0,1,0,13,12,3,3,3,8,0,0,0,1,1,3,0,0,10,3,48,0,0,0,2,0,2,37,0,0,0,1,25,14,0,191,0,1,0,0,15,88,11,9,9,7,8,3,31,6,6,8,0,0,1,0,0,0,6,0,2,0,0,3,0,1,1,0,0,0,9,13,3,1,0,0,1,0,0,2,0,0,0,1,0,5,2,0,0,0,0,0,0,2,1,3,0,0,0,3,0,0,0,1,0,1,0,1,0,0,0,0,0,0,0,0,0,1,0,0,0,0,0,0,0,0,0,0,0,0,0,1,1,0,1,0,0,1,1,0,0,0,1,0,0,0,0,0,0,0,0,0,0,0,0,1,0,1,0,0,0,0,0,0,0,0,0,0,0,0,0,0,0,1,0,0,0
39,78756,0,0,7,0,4,7,0,0,1,0,6,0,0,3,27,8,27,4,0,0,0,1,39,27,70,0,2,66,2,26,12,26,136,9,1,1,0,2,8,11,0,103,0,8,37,0,0,2,0,4,1,2,20,3,15,1,0,0,0,34,0,2,2,2,3,0,0,0,0,1,2,0,0,0,42,7,2,0,9,0,2,0,4,0,1,4,1,0,133,9,0,1,0,10,0,1,24,0,7,62,0,49,0,5,1,1,0,1,0,0,0,0,0,0,16,0,0,0,0,0,0,0,0,1,1,1,0,0,14,0,0,0,0,0,0,8,0,0,0,1,0,11,0,1,3,17,0,0,1,4,1,0,1,0,0,0,4,0,0,0,0,0,2,26,0,0,0,0,17,2,0,149,1,0,0,0,78,30,9,4,2,8,79,1,9,2,6,7,0,2,0,0,0,0,0,0,2,2,0,0,0,4,0,0,0,0,5,17,2,1,0,0,0,0,0,0,0,1,0,0,0,0,0,0,0,0,0,3,0,0,0,2,0,0,1,0,0,0,0,0,0,0,0,0,0,0,0,1,0,0,1,0,0,0,0,0,0,0,0,0,0,0,0,0,0,0,0,0,0,0,0,0,0,0,0,0,0,0,0,0,0,0,0,0,0,0,0,0,0,0,0,0,0,0,0,0,0,0,0,0,0,0,0,0,0,0,0,0,0,0,0,0,0
40,78757,0,3,16,0,35,19,0,0,5,0,32,0,1,2,42,34,45,4,0,3,2,1,139,97,201,0,11,169,0,95,79,84,434,28,5,2,0,2,17,39,1,242,3,16,81,2,5,9,16,1,5,3,42,12,33,3,0,0,0,95,1,0,8,7,4,5,1,0,0,1,10,0,1,0,78,16,3,3,17,1,6,3,10,0,0,8,2,2,393,16,0,8,6,43,0,0,69,0,12,109,1,131,0,0,9,1,3,4,0,0,0,0,1,2,109,0,0,0,0,0,0,2,0,0,0,5,1,0,45,2,2,0,0,0,0,9,1,0,0,0,4,19,1,4,10,28,0,0,0,6,7,6,1,0,10,3,11,0,0,0,1,0,1,56,1,0,0,0,45,8,0,423,2,0,1,0,143,82,17,15,12,6,125,2,59,3,19,22,1,14,0,1,0,1,10,1,0,0,2,3,0,3,1,0,0,2,9,8,5,0,0,0,10,0,0,1,1,0,1,1,0,3,1,0,0,0,1,1,0,1,2,2,0,0,2,1,0,0,0,4,0,0,0,0,0,0,0,0,0,0,0,0,0,0,0,0,0,0,0,0,0,0,0,1,0,0,0,0,1,0,0,0,0,0,0,0,0,0,0,0,0,0,0,1,0,0,0,0,0,0,0,0,0,0,0,1,0,0,0,0,0,0,0,0,0,0,0,0,1,0,0,0,0
41,78758,16,5,101,1,251,82,1,2,13,5,168,0,1,12,191,132,203,51,0,7,12,36,606,449,778,5,10,310,11,321,110,393,1117,109,7,8,0,17,94,112,5,930,11,49,251,1,5,20,25,6,12,23,183,65,103,9,0,1,0,487,0,3,47,27,11,29,0,4,0,3,17,0,1,1,219,58,7,3,46,0,30,10,37,0,0,26,7,5,1645,98,0,32,14,69,10,1,183,0,15,371,6,251,2,15,49,1,12,10,0,1,0,1,3,2,213,0,0,0,0,1,0,6,7,0,3,12,3,0,162,2,8,0,2,0,0,68,24,0,0,1,3,54,8,22,19,117,1,3,0,13,8,15,1,0,66,15,192,0,0,1,2,0,14,153,1,1,1,0,108,38,3,959,1,6,1,0,412,189,44,49,57,19,122,1,161,17,52,46,5,8,0,0,0,1,47,1,2,0,1,9,0,12,0,0,3,0,62,77,10,7,0,0,15,1,0,12,3,0,1,1,0,19,5,1,3,0,0,10,3,3,3,5,0,0,1,4,0,2,1,2,0,0,0,3,0,0,0,1,1,1,0,0,2,2,0,1,0,0,0,0,0,0,1,1,0,0,0,0,0,0,1,0,0,1,2,1,0,0,0,0,0,2,0,0,0,0,0,0,0,0,0,0,0,0,0,0,1,0,0,0,0,0,0,0,0,0,0,0,0,0,1,1,1
42,78759,3,1,32,0,51,24,0,1,2,0,24,0,0,8,52,28,43,10,0,2,5,10,165,107,270,1,5,206,4,102,72,328,794,38,1,1,0,10,28,81,1,413,2,26,58,0,4,13,14,2,7,10,85,9,68,2,0,0,0,143,0,1,8,3,6,7,0,0,0,0,18,1,2,0,118,22,3,5,19,0,4,2,12,0,2,6,3,1,546,34,0,6,5,55,4,2,97,0,10,195,1,272,0,9,11,2,0,6,0,0,0,1,3,0,186,0,0,0,1,0,0,3,0,0,3,6,0,0,56,4,4,0,3,0,0,11,13,0,1,0,1,14,4,6,7,46,0,0,0,9,2,2,0,0,13,7,17,0,0,0,2,0,2,88,1,1,0,0,37,8,0,518,0,1,0,0,414,67,35,26,20,11,94,1,86,5,22,26,0,5,0,0,1,2,13,2,0,0,0,3,0,0,0,0,1,3,7,19,4,1,0,1,10,1,1,3,0,0,0,1,0,1,1,0,2,3,0,4,0,1,3,1,0,0,0,3,0,0,0,5,0,1,0,0,0,0,0,0,0,0,0,0,0,1,0,0,0,0,0,0,0,0,0,0,0,0,0,0,0,0,0,1,0,4,0,0,0,1,0,0,0,0,0,0,0,0,0,0,0,0,0,0,0,0,0,0,0,0,0,0,0,0,0,0,0,0,0,0,0,0,0,0,0
